,price,crime_rate,resid_area,air_qual,room_num,age,teachers,poor_prop,n_hos_beds,n_hot_rooms,rainfall,avg_dist,airport_YES,waterbody_Lake,waterbody_Lake and River,waterbody_River
0,24.0,0.006300112548479956,32.31,0.5379999999999999,6.575,65.2,24.7,4.98,5.48,11.192,23,4.0875,1,0,0,1
1,21.6,0.02694373544754613,37.07,0.469,6.421,78.9,22.2,9.14,7.332000000000001,12.1728,42,4.9675,0,1,0,0
2,34.7,0.02692426693786002,37.07,0.469,7.185,61.1,22.2,4.03,7.394,46.19856,38,4.9675,0,0,0,0
3,33.4,0.0318571299356596,32.18,0.45799999999999996,6.997999999999999,45.8,21.3,2.94,9.267999999999999,11.2672,45,6.065,1,1,0,0
4,36.2,0.06677040363385242,32.18,0.45799999999999996,7.147,54.2,21.3,5.33,8.824,11.2896,55,6.0625,0,1,0,0
5,28.7,0.02941316056834955,32.18,0.45799999999999996,6.43,58.7,21.3,5.21,7.1739999999999995,14.2296,53,6.0600000000000005,1,0,0,0
6,22.9,0.08460765703482562,37.87,0.524,6.0120000000000005,66.6,24.8,12.43,6.957999999999999,12.1832,41,5.56,1,0,0,1
7,22.1,0.1350115466558769,37.87,0.524,6.172000000000001,96.1,24.8,19.15,5.8420000000000005,12.1768,56,5.95,0,1,0,0
8,16.5,0.19164462825480608,37.87,0.524,5.631,100.0,24.8,29.93,5.93,12.132,55,6.0825,1,0,0,0
9,18.9,0.15703793625945522,37.87,0.524,6.004,85.9,24.8,17.1,9.478,14.1512,45,6.59,1,0,0,1
10,15.0,0.20285104404642815,37.87,0.524,6.377000000000001,94.3,24.8,20.45,6.0,11.12,29,6.3475,0,1,0,0
11,18.9,0.11106720150765234,37.87,0.524,6.0089999999999995,82.9,24.8,13.27,9.277999999999999,13.1512,23,6.2250000000000005,0,0,1,0
12,21.7,0.0896395868849593,37.87,0.524,5.888999999999999,39.0,24.8,15.71,5.534,10.1736,57,5.452499999999999,1,0,1,0
13,20.4,0.4884327647141028,38.14,0.5379999999999999,5.949,61.8,19.0,8.26,5.9079999999999995,14.1632,39,4.7075,1,0,0,0
14,18.2,0.49345156510828403,38.14,0.5379999999999999,6.096,84.5,19.0,10.26,6.9639999999999995,13.1456,49,4.465,0,0,0,0
15,19.9,0.4869775044907407,38.14,0.5379999999999999,5.834,56.5,19.0,8.47,8.498,14.1592,28,4.4975,1,0,0,1
16,23.1,0.7197550310814291,38.14,0.5379999999999999,5.935,29.3,19.0,6.58,5.462000000000001,10.1848,46,4.5,0,0,0,0
17,17.5,0.5789701354975461,38.14,0.5379999999999999,5.99,81.7,19.0,14.67,5.45,11.14,56,4.26,0,1,0,0
18,20.2,0.5892910882451726,38.14,0.5379999999999999,5.456,36.6,19.0,11.69,8.504,12.1616,41,3.795,1,0,1,0
19,18.2,0.5456907110920701,38.14,0.5379999999999999,5.727,69.5,19.0,11.28,8.564,12.1456,27,3.8,0,0,1,0
20,13.6,0.8117254554853012,38.14,0.5379999999999999,5.57,98.1,19.0,21.02,8.272,15.1088,44,3.7975,1,0,1,0
21,19.6,0.6162877342628865,38.14,0.5379999999999999,5.965,89.2,19.0,13.83,9.192,14.1568,23,4.0125,1,0,0,0
22,15.2,0.8031085958282844,38.14,0.5379999999999999,6.142,91.7,19.0,18.72,5.803999999999999,14.1216,48,3.9799999999999995,1,0,0,1
23,14.5,0.6873453826321089,38.14,0.5379999999999999,5.813,100.0,19.0,19.88,7.49,13.116,29,4.095000000000001,1,1,0,0
24,15.6,0.5597643483283524,38.14,0.5379999999999999,5.9239999999999995,94.1,19.0,16.3,8.212,13.1248,27,4.4,1,1,0,0
25,13.9,0.6100590068254428,38.14,0.5379999999999999,5.599,85.7,19.0,16.51,9.378,13.1112,35,4.455,1,0,0,1
26,16.6,0.5139666854625483,38.14,0.5379999999999999,5.813,90.3,19.0,14.81,9.732000000000001,12.1328,59,4.682500000000001,0,1,0,0
27,14.8,0.6707839777866773,38.14,0.5379999999999999,6.047000000000001,88.8,19.0,17.28,8.696,13.1184,20,4.4525,1,1,0,0
28,18.4,0.5726673869182407,38.14,0.5379999999999999,6.495,94.4,19.0,12.8,5.968,15.1472,35,4.455,1,0,0,1
29,21.0,0.6943714308596382,38.14,0.5379999999999999,6.6739999999999995,87.3,19.0,11.98,9.02,12.168,50,4.24,0,0,0,1
30,12.7,0.7565021891227189,38.14,0.5379999999999999,5.712999999999999,94.1,19.0,22.6,9.854,12.1016,34,4.2325,0,1,0,0
31,14.5,0.8564218244336659,38.14,0.5379999999999999,6.072,100.0,19.0,13.04,9.29,12.116,23,4.175,1,0,0,0
32,13.2,0.8704520079168976,38.14,0.5379999999999999,5.95,82.0,19.0,27.71,8.764,14.1056,25,3.9924999999999997,0,0,0,1
33,13.1,0.7662675223101358,38.14,0.5379999999999999,5.7010000000000005,95.0,19.0,18.35,8.362,15.1048,25,3.7875,1,0,0,0
34,13.5,0.9604300978281597,38.14,0.5379999999999999,6.096,96.9,19.0,20.34,9.67,11.107999999999999,40,3.7600000000000002,1,0,0,0
35,18.9,0.062195152592967116,35.96,0.499,5.933,68.2,20.8,9.68,9.478,11.1512,43,3.36,1,0,0,1
36,20.0,0.09298019476887417,35.96,0.499,5.841,61.4,20.8,11.41,7.5,15.16,39,3.3775,0,0,0,0
37,21.0,0.07709066236456363,35.96,0.499,5.85,41.5,20.8,8.77,8.12,10.168,21,3.9350000000000005,1,0,0,1
38,24.2,0.16131069988225022,35.96,0.499,5.966,30.2,20.8,10.13,8.184,10.1936,21,3.8475,1,0,0,1
39,30.8,0.027255180066451504,32.95,0.428,6.595,21.8,21.7,4.32,6.916,12.2464,49,5.4,1,0,0,1
40,34.9,0.033038179076797375,32.95,0.428,7.024,15.8,21.7,1.98,6.1979999999999995,15.2792,20,5.4025,1,0,0,1
41,26.6,0.11994957590111856,36.91,0.44799999999999995,6.77,2.9,22.1,4.84,7.732,13.2128,30,5.7225,0,0,1,0
42,25.3,0.13234318698771314,36.91,0.44799999999999995,6.169,6.6,22.1,5.81,8.106,15.2024,52,5.7225,0,0,0,1
43,24.7,0.1478681287245753,36.91,0.44799999999999995,6.211,6.5,22.1,7.44,6.093999999999999,15.1976,56,5.72,1,0,0,1
44,21.2,0.1157275913439704,36.91,0.44799999999999995,6.069,40.0,22.1,9.55,9.024,12.1696,53,5.7225,0,0,0,1
45,19.3,0.1582166881149534,36.91,0.44799999999999995,5.682,33.8,22.1,10.21,8.086,11.1544,21,5.1025,0,0,0,1
46,20.0,0.17257420533907467,36.91,0.44799999999999995,5.7860000000000005,33.3,22.1,14.15,9.3,12.16,39,5.1,1,1,0,0
47,16.6,0.20642049726093958,36.91,0.44799999999999995,6.03,85.5,22.1,18.8,5.332000000000001,12.1328,44,5.6899999999999995,1,0,0,1
48,14.4,0.22623476857524036,36.91,0.44799999999999995,5.399,95.3,22.1,30.81,7.087999999999999,14.1152,34,5.87,0,0,0,0
49,19.4,0.19866231638200693,36.91,0.44799999999999995,5.602,62.0,22.1,16.2,5.9879999999999995,13.1552,45,6.0875,0,0,1,0
50,19.7,0.08501187932583917,35.64,0.439,5.962999999999999,45.7,23.2,13.45,7.899767068273092,11.1576,21,6.8149999999999995,1,0,0,1
51,20.5,0.042455859036392304,35.64,0.439,6.115,63.0,23.2,9.43,7.01,11.164000000000001,30,6.8175,1,1,0,0
52,25.0,0.052212871446934324,35.64,0.439,6.511,21.1,23.2,5.28,9.9,14.2,56,6.8175,0,0,0,1
53,23.4,0.048609195414622164,35.64,0.439,5.997999999999999,21.4,23.2,8.43,9.168,11.1872,41,6.815,0,0,0,1
54,18.9,0.0135083500247923,34.0,0.41,5.888,47.6,18.9,14.8,8.677999999999999,15.1512,55,7.3175,1,0,0,0
55,35.4,0.013024807722689411,31.22,0.40299999999999997,7.249,21.9,22.1,4.81,7.507999999999999,13.2832,50,8.6975,1,0,0,1
56,24.7,0.020341697657914628,30.74,0.41,6.382999999999999,35.7,22.7,5.77,5.794,15.1976,22,9.1875,1,1,0,0
57,31.6,0.01421843723755561,31.32,0.41100000000000003,6.816,40.5,24.9,3.95,7.432,15.2528,45,8.325,1,1,0,0
58,23.3,0.14362404008287546,35.13,0.45299999999999996,6.145,29.2,20.3,6.86,7.8660000000000005,14.1864,22,7.815,0,0,0,0
59,19.6,0.09828756118394523,35.13,0.45299999999999996,5.9270000000000005,47.2,20.3,9.22,6.192,14.1568,20,6.93,1,0,0,0
60,18.7,0.13917046313797135,35.13,0.45299999999999996,5.7410000000000005,66.2,20.3,13.15,7.974,11.1496,30,7.225,0,0,0,1
61,16.0,0.15846422026338808,35.13,0.45299999999999996,5.966,93.4,20.3,14.44,6.22,15.128,48,6.82,0,0,0,1
62,22.2,0.10460322898864487,35.13,0.45299999999999996,6.456,67.8,20.3,6.73,5.843999999999999,10.1776,56,7.225,1,0,0,0
63,25.0,0.11911548089016212,35.13,0.45299999999999996,6.7620000000000005,43.4,20.3,9.5,5.9,13.2,28,7.982500000000001,1,0,1,0
64,33.0,0.019322119714036953,31.38,0.4161,7.104,59.5,21.4,8.05,8.26,10.264000000000001,30,9.2225,1,0,1,0
65,23.5,0.03521269175574257,33.37,0.39799999999999996,6.29,17.8,23.9,4.67,9.47,12.187999999999999,20,6.6125,0,0,0,1
66,19.4,0.04285831980190065,33.37,0.39799999999999996,5.787000000000001,31.1,23.9,10.24,8.988,11.1552,44,6.61,0,0,1,0
67,22.0,0.05627635827662477,36.07,0.409,5.877999999999999,21.4,21.1,8.1,7.14,13.175999999999998,29,6.4975,1,0,0,1
68,17.4,0.1271083087153749,36.07,0.409,5.593999999999999,36.8,21.1,13.09,8.847999999999999,15.1392,40,6.4975,0,0,0,1
69,20.9,0.12058798698859345,36.07,0.409,5.885,33.0,21.1,8.79,8.318,11.1672,56,6.5,0,1,0,0
70,24.2,0.08458009047306331,40.81,0.413,6.417000000000001,6.6,20.8,6.72,9.783999999999999,14.1936,38,5.285,1,0,0,1
71,21.7,0.14735046784990224,40.81,0.413,5.961,17.5,20.8,9.88,10.033999999999999,13.1736,46,5.2875000000000005,0,0,1,0
72,22.8,0.0876811526398337,40.81,0.413,6.065,7.8,20.8,5.52,5.856,10.1824,20,5.2875000000000005,0,0,0,1
73,23.4,0.17847249197232387,40.81,0.413,6.245,6.2,20.8,7.54,5.968,12.1872,45,5.2875,1,1,0,0
74,24.1,0.07599761422646503,42.83,0.43700000000000006,6.273,6.0,21.3,6.78,7.882000000000001,10.1928,40,4.2525,0,0,0,1
75,21.4,0.09086394630511983,42.83,0.43700000000000006,6.2860000000000005,45.0,21.3,8.94,6.028,10.1712,28,4.505,0,0,0,0
76,20.0,0.09670012247721355,42.83,0.43700000000000006,6.279,74.5,21.3,11.97,7.3,12.16,22,4.0525,0,0,0,0
77,20.8,0.08348600348975031,42.83,0.43700000000000006,6.14,45.8,21.3,10.27,5.916,11.1664,57,4.09,1,0,0,1
78,21.2,0.0549236964958992,42.83,0.43700000000000006,6.232,53.7,21.3,12.34,8.824,15.1696,53,5.015,1,1,0,0
79,20.3,0.08053796962647095,42.83,0.43700000000000006,5.874,36.6,21.3,9.1,6.406000000000001,15.1624,37,4.5025,0,0,1,0
80,28.0,0.04030666175913405,34.86,0.426,6.727,33.5,21.0,5.29,6.46,14.224,54,5.4,1,1,0,0
81,23.9,0.04365318292140316,34.86,0.426,6.619,70.4,21.0,7.22,5.577999999999999,12.1912,49,5.4025,1,1,0,0
82,24.8,0.03593647980430549,34.86,0.426,6.3020000000000005,32.2,21.0,6.72,6.096,10.1984,20,5.4025,0,0,0,1
83,22.9,0.03489405897732062,34.86,0.426,6.167000000000001,46.7,21.0,7.51,7.558,10.1832,34,5.3999999999999995,1,1,0,0
84,23.9,0.04935191112196908,34.49,0.449,6.388999999999999,48.0,21.5,9.62,6.678,14.1912,23,4.78,0,1,0,0
85,26.6,0.05576577790585726,34.49,0.449,6.63,56.1,21.5,6.53,9.732000000000001,12.2128,56,4.44,0,0,0,1
86,22.5,0.050579039368154007,34.49,0.449,6.015,45.1,21.5,12.86,5.95,11.18,50,4.4275,1,0,0,1
87,22.2,0.06906886859909774,34.49,0.449,6.121,56.8,21.5,8.44,7.244,12.1776,43,3.7475,1,0,0,0
88,23.6,0.05505620574807839,33.41,0.489,7.007000000000001,86.3,22.2,5.5,6.972,10.1888,28,3.42,0,0,0,1
89,28.7,0.05166222632379377,33.41,0.489,7.079,63.1,22.2,5.7,7.574,15.2296,31,3.415,1,0,0,0
90,22.6,0.04577610263658359,33.41,0.489,6.417000000000001,66.1,22.2,8.81,7.352,15.1808,58,3.0925000000000002,1,1,0,0
91,22.0,0.038566653148816694,33.41,0.489,6.405,73.9,22.2,8.2,8.24,13.175999999999998,23,3.0925,0,0,0,1
92,22.9,0.04117073370367661,45.04,0.46399999999999997,6.442,53.6,21.8,8.16,9.158,14.1832,60,3.665,0,1,0,0
93,25.0,0.028344473009142567,45.04,0.46399999999999997,6.211,28.9,21.8,6.21,10.3,14.2,46,3.6675,0,0,1,0
94,20.6,0.04204364799767931,45.04,0.46399999999999997,6.249,77.3,21.8,10.59,5.712000000000001,13.1648,54,3.615,0,0,1,0
95,28.4,0.11514845708892203,32.89,0.445,6.625,57.8,22.0,6.65,9.968,14.2272,46,3.4949999999999997,0,0,0,1
96,21.4,0.10889027870807168,32.89,0.445,6.162999999999999,69.6,22.0,11.34,10.228,12.1712,21,3.4949999999999997,0,0,0,1
97,38.7,0.11406948227773035,32.89,0.445,8.068999999999999,76.0,22.0,4.21,6.274,12.3096,53,3.495,1,0,0,1
98,43.8,0.0786910253316488,32.89,0.445,7.82,36.9,22.0,3.57,10.876,10.3504,25,3.4975,1,0,1,0
99,33.2,0.06634938054153391,32.89,0.445,7.416,62.5,22.0,6.19,6.564,13.2656,31,3.4974999999999996,0,0,0,1
100,27.5,0.13859604559025776,38.56,0.52,6.727,79.9,19.1,9.42,9.65,15.22,24,2.7775,1,1,0,0
101,26.5,0.10824435339763888,38.56,0.52,6.781000000000001,71.3,19.1,7.67,7.23,10.212,58,2.8575000000000004,1,0,0,1
102,18.6,0.20600553079810682,38.56,0.52,6.405,85.4,19.1,10.63,6.772,13.1488,57,2.715,0,0,1,0
103,19.3,0.19195005368591098,38.56,0.52,6.1370000000000005,87.4,19.1,13.44,6.886,14.1544,36,2.7125,1,0,0,0
104,20.1,0.13067732364161613,38.56,0.52,6.167000000000001,90.0,19.1,12.33,7.102,10.1608,20,2.4225000000000003,1,0,0,0
105,19.5,0.12453353302656033,38.56,0.52,5.851,96.7,19.1,16.47,7.89,13.155999999999999,57,2.105,1,0,0,0
106,19.5,0.15802886422491008,38.56,0.52,5.836,91.9,19.1,18.66,10.29,14.155999999999999,20,2.21,1,1,0,0
107,20.4,0.12325249529930257,38.56,0.52,6.127000000000001,85.2,19.1,14.09,6.007999999999999,14.1632,57,2.1225,1,0,1,0
108,19.8,0.12046388341513768,38.56,0.52,6.474,97.1,19.1,12.27,8.596,10.1584,48,2.435,0,0,1,0
109,19.4,0.23398853135437198,38.56,0.52,6.229,91.2,19.1,15.55,9.788,14.1552,41,2.545,1,0,0,0
110,21.7,0.10249340943404117,38.56,0.52,6.195,54.4,19.1,13.0,6.934,10.1736,37,2.7775000000000003,1,0,0,0
111,22.8,0.09607352474606413,40.01,0.547,6.715,81.6,22.2,10.16,5.656000000000001,13.1824,34,2.675,1,0,0,1
112,18.8,0.11626187928444459,40.01,0.547,5.912999999999999,92.9,22.2,16.21,7.899767068273092,15.1504,35,2.3525,1,0,0,1
113,18.7,0.200587055600799,40.01,0.547,6.0920000000000005,95.4,22.2,17.09,10.074,10.1496,59,2.5475,1,0,0,1
114,18.5,0.13305252798715142,40.01,0.547,6.254,84.2,22.2,10.45,6.67,12.148,39,2.255,0,0,1,0
115,18.3,0.15814839260023492,40.01,0.547,5.928,88.2,22.2,15.76,7.566,11.1464,24,2.4625000000000004,0,0,0,0
116,21.2,0.12361488619930215,40.01,0.547,6.176,72.5,22.2,12.04,6.524,13.1696,23,2.73,0,0,0,0
117,19.2,0.1406137533941645,40.01,0.547,6.021,82.6,22.2,10.3,9.484,15.1536,28,2.7475,0,0,1,0
118,20.4,0.12273077538031696,40.01,0.547,5.872000000000001,73.1,22.2,15.37,8.008,14.1632,40,2.4775,1,0,0,1
119,19.3,0.13519500804868875,40.01,0.547,5.731,65.2,22.2,13.61,10.186,11.1544,20,2.7575000000000003,1,0,0,1
120,22.0,0.0667142774622037,55.65,0.581,5.87,69.7,20.9,14.37,7.84,10.176,23,2.2575,1,0,0,1
121,20.3,0.06919951680100442,55.65,0.581,6.004,84.1,20.9,14.27,9.706,10.1624,39,2.1975000000000002,1,0,1,0
122,20.5,0.0889170600217153,55.65,0.581,5.961,92.9,20.9,17.93,8.91,10.164,51,2.09,1,0,0,0
123,17.3,0.140092322576218,55.65,0.581,5.856,97.0,20.9,25.41,9.146,10.1384,51,1.9449999999999998,1,1,0,0
124,18.8,0.09393650947837953,55.65,0.581,5.879,95.8,20.9,17.58,6.276,13.1504,56,2.0075000000000003,0,0,0,1
125,21.4,0.15616579098344333,55.65,0.581,5.986000000000001,88.4,20.9,14.81,8.128,14.1712,22,1.9899999999999998,1,1,0,0
126,15.7,0.32739545268624176,55.65,0.581,5.6129999999999995,95.6,20.9,27.26,7.7139999999999995,10.1256,42,1.755,0,1,0,0
127,16.2,0.23043689014167512,51.89,0.624,5.693,96.0,18.8,17.19,5.9239999999999995,15.1296,31,1.7875,1,0,0,0
128,18.0,0.2817369350921531,51.89,0.624,6.431,98.8,18.8,15.39,8.16,14.144,41,1.815,0,0,0,0
129,14.3,0.6319364495150489,51.89,0.624,5.6370000000000005,94.7,18.8,18.34,7.886,10.1144,30,1.9825,1,1,0,0
130,19.2,0.2927143890798025,51.89,0.624,6.457999999999999,98.9,18.8,12.6,8.984,13.1536,25,2.1175,1,0,0,0
131,19.6,0.7852431092803438,51.89,0.624,6.3260000000000005,97.7,18.8,12.26,7.5920000000000005,12.1568,29,2.27,1,0,0,0
132,23.0,0.46376546227858856,51.89,0.624,6.372000000000001,97.9,18.8,11.12,8.96,12.184000000000001,57,2.3275,1,0,1,0
133,18.4,0.2850435947287374,51.89,0.624,5.822,95.4,18.8,15.03,10.267999999999999,10.1472,58,2.4725,1,0,1,0
134,15.6,0.6811606280137664,51.89,0.624,5.757000000000001,98.4,18.8,17.31,9.012,11.1248,32,2.3475,0,0,1,0
135,18.1,0.4432617308027308,51.89,0.624,6.335,98.2,18.8,16.96,7.862,11.1448,37,2.11,1,0,0,1
136,17.4,0.2796297392609526,51.89,0.624,5.942,93.5,18.8,16.9,10.148,10.1392,37,1.9674999999999998,0,0,0,1
137,17.1,0.30182903067763894,51.89,0.624,6.454,98.4,18.8,14.59,6.942,11.1368,40,1.8499999999999999,1,0,0,0
138,13.3,0.22298353851284428,51.89,0.624,5.857,98.2,18.8,21.32,8.066,14.1064,39,1.6675,0,0,0,1
139,17.8,0.4347131824671496,51.89,0.624,6.151,97.9,18.8,18.46,8.656,10.1424,29,1.6675,1,1,0,0
140,14.0,0.25533964953052657,51.89,0.624,6.1739999999999995,93.6,18.8,24.16,5.68,10.112,28,1.6125,0,1,0,0
141,14.4,0.9664666021758895,51.89,0.624,5.019,100.0,18.8,34.41,9.988,12.1152,43,1.44,1,0,0,0
142,13.4,1.4634984282783583,49.58,0.871,5.403,100.0,25.3,26.82,5.268,13.1072,42,1.3224999999999998,1,0,0,1
143,15.6,1.6287306058145095,49.58,0.871,5.468,100.0,25.3,26.42,7.312,13.1248,25,1.4125,1,0,0,0
144,11.8,1.3296552241970496,49.58,0.871,4.9030000000000005,97.8,25.3,29.29,6.636,13.0944,52,1.3450000000000002,1,0,0,1
145,13.8,1.2176804241557975,49.58,0.871,6.13,100.0,25.3,27.8,7.776,10.1104,59,1.42,1,0,0,1
146,15.6,1.1490043437281394,49.58,0.871,5.627999999999999,100.0,25.3,16.65,5.612,10.1248,32,1.5150000000000001,1,0,0,1
147,14.6,1.2145031649491107,49.58,0.871,4.926,95.7,25.3,29.53,6.892,11.1168,24,1.46,0,0,0,0
148,17.8,1.2032695571055654,49.58,0.871,5.186,93.8,25.3,28.32,9.856,14.1424,43,1.5325,0,1,0,0
149,15.4,1.317472010807663,49.58,0.871,5.597,94.9,25.3,21.45,10.107999999999999,15.1232,48,1.5225,0,0,0,0
150,21.5,0.977047109716266,49.58,0.871,6.122000000000001,97.3,25.3,14.1,5.53,12.172,34,1.6175,0,0,0,1
151,19.6,0.9148176474178112,49.58,0.871,5.404,100.0,25.3,13.28,6.492000000000001,11.1568,42,1.5899999999999999,0,0,0,1
152,15.3,0.7545150555070919,49.58,0.871,5.012,88.0,25.3,12.12,5.406000000000001,10.1224,46,1.6099999999999999,1,0,0,0
153,19.4,1.1471421014887528,49.58,0.871,5.709,98.5,25.3,15.79,6.087999999999999,12.1552,58,1.6225,0,0,0,0
154,17.0,0.8812229832136547,49.58,0.871,6.129,96.0,25.3,15.12,7.44,15.136,48,1.7475,0,0,1,0
155,15.6,1.5118272886363335,49.58,0.871,6.152,82.6,25.3,15.02,9.912,11.1248,37,1.7475,0,0,0,1
156,13.1,1.2374114488766443,49.58,0.871,5.272,94.0,25.3,16.14,6.362,10.1048,60,1.735,0,0,0,1
157,41.3,0.7991185096332699,49.58,0.605,6.943,97.4,25.3,4.59,8.226,13.3304,57,1.8775,1,0,0,0
158,24.3,0.8513638686748987,49.58,0.605,6.066,100.0,25.3,6.43,8.886000000000001,13.1944,46,1.7575,0,0,0,1
159,23.3,0.8858397717781171,49.58,0.871,6.51,100.0,25.3,7.39,7.166,12.1864,36,1.7675,1,1,0,0
160,27.0,0.8213029001101178,49.58,0.605,6.25,92.6,25.3,5.5,8.44,12.216,23,1.7999999999999998,1,1,0,0
161,50.0,0.9015262716731894,49.58,0.605,7.489,90.8,25.3,1.73,10.5,11.4,35,1.9699999999999998,1,0,0,0
162,50.0,1.0416079806003156,49.58,0.605,7.8020000000000005,98.2,25.3,1.92,8.4,12.4,22,2.0424999999999995,1,1,0,0
163,50.0,0.923869936997549,49.58,0.605,8.375,93.9,25.3,3.32,8.0,12.4,57,2.1624999999999996,1,0,0,1
164,22.7,1.1763014597150319,49.58,0.605,5.854,91.8,25.3,11.64,8.354,15.1816,56,2.4225,1,1,0,0
165,25.0,1.3671115417031166,49.58,0.605,6.101,93.0,25.3,9.81,10.0,12.2,22,2.2825,1,0,0,1
166,50.0,1.1020031996922046,49.58,0.605,7.928999999999999,96.2,25.3,3.7,8.3,15.4,37,2.0475,1,0,0,1
167,23.8,1.0297194121814914,49.58,0.605,5.877000000000001,79.2,25.3,12.14,10.076,10.1904,22,2.4250000000000003,1,1,0,0
168,23.8,1.194043673248051,49.58,0.605,6.319,96.1,25.3,11.1,6.676,11.1904,23,2.1,0,0,0,0
169,22.3,1.2382379898788043,49.58,0.605,6.402,95.2,25.3,11.32,5.546,15.1784,22,2.2625,0,0,1,0
170,17.4,0.7918244127486899,49.58,0.605,5.875,94.6,25.3,14.43,7.9479999999999995,11.1392,28,2.425,0,1,0,0
171,19.1,1.1981257435340087,49.58,0.605,5.88,97.3,25.3,12.03,9.782,12.1528,54,2.39,0,0,0,1
172,23.1,0.13027359174921224,34.05,0.51,5.572,88.5,23.4,14.69,9.362,12.1848,38,2.5975,0,0,0,1
173,23.6,0.08780939182440825,34.05,0.51,6.416,84.1,23.4,9.04,9.872,10.1888,59,2.6475,1,0,0,0
174,22.6,0.0810913883848885,34.05,0.51,5.859,68.7,23.4,9.64,9.752,15.1808,35,2.7025,1,0,0,1
175,29.4,0.06451352082506599,34.05,0.51,6.546,33.1,23.4,5.33,6.188,12.2352,48,3.13,1,0,0,0
176,23.2,0.06786423481612991,34.05,0.51,6.02,47.2,23.4,10.11,8.564,15.1856,49,3.5549999999999997,1,1,0,0
177,24.6,0.052829613644532106,34.05,0.51,6.315,73.4,23.4,6.29,7.0920000000000005,14.1968,31,3.32,1,1,0,0
178,29.9,0.06430724439516698,34.05,0.51,6.86,74.4,23.4,6.92,5.898,11.2392,28,2.9124999999999996,0,0,0,0
179,37.2,0.05619127964974256,32.46,0.488,6.98,58.4,22.2,5.04,9.744,11.2976,50,2.83,0,1,0,0
180,39.8,0.06380074905066183,32.46,0.488,7.765,83.3,22.2,7.56,8.496,14.3184,60,2.74,1,0,1,0
181,36.2,0.06661137129850159,32.46,0.488,6.144,62.2,22.2,9.45,6.624,15.2896,59,2.5975,1,0,0,1
182,37.9,0.08712220418140294,32.46,0.488,7.155,92.2,22.2,4.82,9.258,15.3032,56,2.6975,1,0,0,1
183,32.5,0.0953829044325522,32.46,0.488,6.563,95.6,22.2,5.68,7.35,14.26,60,2.845,1,1,0,0
184,26.4,0.07980883417341518,32.46,0.488,5.604,89.8,22.2,13.98,9.927999999999999,10.2112,27,2.99,1,1,0,0
185,29.6,0.0587122060793317,32.46,0.488,6.153,68.8,22.2,13.15,8.192,11.2368,45,3.2800000000000002,1,1,0,0
186,50.0,0.054507124498661026,32.46,0.488,7.831,53.6,22.2,4.45,6.0,13.4,35,3.2,1,1,0,0
187,32.0,0.07580296341550075,33.44,0.43700000000000006,6.782,41.1,24.8,6.68,7.84,13.255999999999998,23,3.7874999999999996,1,0,0,1
188,29.8,0.11848501143594597,33.44,0.43700000000000006,6.556,29.1,24.8,4.56,7.596,10.2384,40,4.5675,1,0,0,1
189,34.9,0.08038111194681236,33.44,0.43700000000000006,7.185,38.9,24.8,5.39,9.298,14.2792,20,4.5675,0,0,0,1
190,33.0,0.08680135493654237,33.44,0.43700000000000006,6.9510000000000005,21.5,24.8,5.1,6.16,11.264000000000001,55,6.4799999999999995,0,0,0,0
191,30.5,0.06682652665553059,33.44,0.43700000000000006,6.739,30.8,24.8,4.69,8.81,11.244000000000002,40,6.4799999999999995,0,0,0,0
192,36.4,0.08309036653209831,33.44,0.43700000000000006,7.178,26.3,24.8,2.87,10.527999999999999,11.2912,40,6.4775,1,1,0,0
193,31.1,0.02163428212514976,32.93,0.401,6.8,9.9,24.4,5.03,6.822,13.2488,24,6.22,0,0,0,1
194,29.1,0.014287446608069455,32.93,0.401,6.604,18.8,24.4,4.38,9.282,14.2328,59,6.22,0,0,0,1
195,50.0,0.013715510885941319,30.46,0.42200000000000004,7.875,32.0,25.6,2.97,8.2,14.4,26,5.65,1,0,0,1
196,33.3,0.03932647679087991,31.52,0.40399999999999997,7.287000000000001,34.1,27.4,4.08,7.266,15.2664,20,7.31,1,0,1,0
197,30.3,0.045604141805015756,31.52,0.40399999999999997,7.107,36.6,27.4,8.61,6.906000000000001,14.2424,24,7.3100000000000005,1,0,1,0
198,34.6,0.036987452050280534,31.52,0.40399999999999997,7.274,38.3,27.4,6.62,10.192,14.2768,43,7.3100000000000005,0,1,0,0
199,34.9,0.03101405352916954,31.47,0.40299999999999997,6.975,15.3,23.0,4.56,7.997999999999999,13.2792,24,7.6525,1,0,0,0
200,32.9,0.017623784753549334,31.47,0.40299999999999997,7.135,13.9,23.0,4.45,5.957999999999999,10.2632,22,7.6525,0,1,0,0
201,24.1,0.03386988450761529,32.03,0.415,6.162000000000001,38.4,25.3,7.43,7.782,12.1928,32,6.2725,1,0,0,1
202,42.3,0.02153641753052468,32.03,0.415,7.61,15.7,25.3,3.11,10.546,14.3384,30,6.2675,0,0,1,0
203,48.5,0.034498040407567356,32.68,0.4161,7.853,33.2,25.3,3.81,8.77,11.388,22,5.1175,0,0,0,0
204,50.0,0.019890858697792706,32.68,0.4161,8.033999999999999,31.9,25.3,2.88,8.9,15.4,51,5.120000000000001,1,0,0,1
205,22.6,0.12788297027984555,40.59,0.489,5.891,22.3,21.4,10.87,7.952000000000001,15.1808,26,3.9475000000000002,1,0,0,1
206,24.4,0.20676210509846782,40.59,0.489,6.3260000000000005,52.5,21.4,10.97,6.688,11.1952,52,4.3575,1,0,0,1
207,22.5,0.22473428542556143,40.59,0.489,5.7829999999999995,72.7,21.4,18.06,7.95,10.18,38,4.3525,1,0,0,0
208,24.4,0.1273988771308717,40.59,0.489,6.064,59.1,21.4,14.66,6.888,14.1952,31,4.24,1,0,0,0
209,20.0,0.3616595003706893,40.59,0.489,5.343999999999999,100.0,21.4,23.09,7.9,13.16,60,3.875,0,0,0,0
210,21.7,0.16080846749132485,40.59,0.489,5.96,92.1,21.4,17.27,8.033999999999999,12.1736,36,3.875,1,0,0,0
211,19.3,0.31902084300745703,40.59,0.489,5.404,88.6,21.4,23.98,5.986000000000001,14.1544,39,3.665,0,0,0,1
212,22.4,0.19654492343019744,40.59,0.489,5.807,53.8,21.4,16.03,6.848,13.1792,20,3.6525,1,0,0,1
213,28.1,0.13148429875689607,40.59,0.489,6.375,32.3,21.4,9.38,7.562,10.2248,6,3.9450000000000003,1,0,0,0
214,23.7,0.2542933203064257,40.59,0.489,5.412000000000001,9.8,21.4,29.55,5.6739999999999995,11.1896,21,3.59,1,0,0,0
215,25.0,0.18067019404472426,40.59,0.489,6.182,42.4,21.4,9.47,7.899767068273092,12.2,30,3.9475000000000007,1,1,0,0
216,23.3,0.04459088332787522,43.89,0.55,5.888,56.0,23.6,13.51,5.466,12.1864,22,3.1125,1,0,1,0
217,28.7,0.06778013642095812,43.89,0.55,6.642,85.1,23.6,9.69,9.274,14.2296,23,3.42,0,0,0,0
218,21.5,0.10498144381917446,43.89,0.55,5.9510000000000005,93.8,23.6,17.92,8.73,14.172,49,2.8899999999999997,1,0,0,0
219,23.0,0.10818153284452811,43.89,0.55,6.372999999999999,92.4,23.6,10.5,6.16,13.184000000000001,21,3.3649999999999998,1,0,0,0
220,26.7,0.3060793008727377,36.2,0.507,6.9510000000000005,88.5,22.6,9.71,8.734,11.2136,23,2.86,0,0,0,1
221,21.7,0.341964270612869,36.2,0.507,6.164,91.3,22.6,21.46,5.734,14.1736,37,3.0475,1,0,0,0
222,27.5,0.48462126906911684,36.2,0.507,6.879,77.7,22.6,9.93,9.45,12.22,50,3.2725,1,0,1,0
223,30.1,0.47914918090543834,36.2,0.507,6.617999999999999,80.8,22.6,7.6,9.702,12.2408,39,3.27,1,0,0,1
224,44.8,0.2740875847172426,36.2,0.504,8.266,78.3,22.6,4.14,6.796,12.3584,47,2.895,1,1,0,0
225,50.0,0.42325918366642196,36.2,0.504,8.725,83.0,22.6,4.63,7.5,13.4,20,2.8925,1,0,0,1
226,37.6,0.32363302267493316,36.2,0.504,8.04,86.5,22.6,3.13,5.952000000000001,10.3008,54,3.215,1,0,1,0
227,31.6,0.34527622467730223,36.2,0.504,7.162999999999999,79.9,22.6,6.36,6.332000000000001,10.2528,34,3.2175,0,0,0,1
228,46.7,0.26097098661421536,36.2,0.504,7.686,17.0,22.6,3.92,10.134,14.3736,43,3.3774999999999995,1,1,0,0
229,31.5,0.3658784613426783,36.2,0.504,6.5520000000000005,21.4,22.6,3.76,7.33,15.252,47,3.3725,1,0,0,0
230,24.3,0.42983246455645874,36.2,0.504,5.981,68.1,22.6,11.65,8.286,10.1944,59,3.6750000000000003,0,0,0,0
231,31.7,0.38046178058424046,36.2,0.504,7.412000000000001,76.9,22.6,5.25,6.734,10.2536,26,3.6725,1,0,0,0
232,41.7,0.45443938231243064,36.2,0.507,8.337,73.3,22.6,2.47,6.6339999999999995,11.3336,28,3.84,1,0,0,1
233,48.3,0.28628359503792583,36.2,0.507,8.247,70.4,22.6,3.95,9.066,11.3864,23,3.6500000000000004,1,0,0,0
234,29.0,0.3701211373357089,36.2,0.507,6.726,66.5,22.6,8.05,9.88,13.232000000000001,32,3.6525,1,0,0,1
235,24.0,0.2855172308722697,36.2,0.507,6.086,61.5,22.6,10.88,9.18,14.192,57,3.6500000000000004,1,0,0,0
236,25.1,0.41909184102282127,36.2,0.507,6.631,76.5,22.6,9.54,9.402000000000001,15.2008,36,4.1475,1,0,1,0
237,31.5,0.4133208375737469,36.2,0.507,7.358,71.6,22.6,4.73,10.53,12.252,34,4.1475,1,0,0,1
238,23.7,0.07921775210662894,34.93,0.428,6.481,18.5,23.4,6.36,7.374,12.1896,48,6.1899999999999995,1,0,1,0
239,23.3,0.0884869544561993,34.93,0.428,6.606,42.2,23.4,7.37,5.566,15.1864,51,6.1899999999999995,0,0,1,0
240,27.0,0.10731959540732408,34.93,0.428,6.897,54.3,23.4,11.38,10.24,11.216,24,6.335000000000001,1,0,0,0
241,20.1,0.10085839631038274,34.93,0.428,6.095,65.1,23.4,12.4,8.302,13.1608,41,6.335,0,0,0,0
242,22.2,0.09794307432996417,34.93,0.428,6.358,52.9,23.4,11.22,6.044,10.1776,42,7.035,1,0,0,1
243,23.7,0.1200648747247548,34.93,0.428,6.393,7.8,23.4,5.19,7.374,15.1896,26,7.0375,1,0,0,1
244,17.6,0.1873754310966336,35.86,0.431,5.593,76.5,20.9,12.5,6.252000000000001,12.1408,42,7.955,0,0,0,0
245,18.5,0.17507033007976175,35.86,0.431,5.605,70.2,20.9,18.46,9.27,10.148,59,7.955,1,0,0,0
246,24.3,0.29254274024304827,35.86,0.431,6.108,34.9,20.9,9.16,7.086,11.1944,25,8.055,1,0,0,0
247,20.5,0.17945913062491262,35.86,0.431,6.226,79.2,20.9,10.15,9.81,12.164000000000001,31,8.055,0,0,0,1
248,24.5,0.15219734473840293,35.86,0.431,6.433,49.1,20.9,9.52,8.39,15.196,43,7.8275,1,0,0,1
249,26.2,0.17456656442088758,35.86,0.431,6.718,17.5,20.9,6.56,9.324,11.2096,39,7.824999999999999,1,0,0,0
250,24.4,0.13129138568117577,35.86,0.431,6.487,13.0,20.9,5.9,6.188,14.1952,38,7.3975,1,0,0,1
251,24.8,0.19399482498004614,35.86,0.431,6.438,8.9,20.9,3.59,10.296,12.1984,50,7.3975,0,1,0,0
252,29.6,0.07900524661995376,35.86,0.431,6.957000000000001,6.8,20.9,3.53,8.992,12.2368,57,8.905000000000001,0,0,1,0
253,42.8,0.31403671773445885,35.86,0.431,8.259,8.4,20.9,3.54,10.856,13.3424,53,8.9075,0,0,0,1
254,21.9,0.04706486717633031,33.64,0.392,6.108,32.0,23.6,6.57,6.537999999999999,12.1752,56,9.217500000000001,0,0,0,1
255,20.9,0.034865087326079354,33.64,0.392,5.876,19.1,23.6,9.25,7.818,15.1672,31,9.22,0,0,0,0
256,44.0,0.01526292666591232,33.75,0.39399999999999996,7.454,34.2,24.1,3.11,6.68,13.352,38,6.335,0,0,0,1
257,50.0,0.47719024356009226,33.97,0.647,8.704,86.9,27.0,5.12,8.6,11.4,54,1.8025,1,0,0,1
258,36.0,0.508929827880027,33.97,0.647,7.332999999999999,100.0,27.0,7.79,8.02,15.288,58,1.8925000000000003,1,0,0,1
259,30.1,0.5047974910276488,33.97,0.647,6.8420000000000005,100.0,27.0,6.9,7.3020000000000005,11.2408,40,2.0125,1,0,0,1
260,33.8,0.4318538424460675,33.97,0.647,7.202999999999999,81.8,27.0,9.59,7.899767068273092,11.2704,21,2.1125,1,1,0,0
261,43.1,0.4279569267433912,33.97,0.647,7.52,89.4,27.0,7.26,6.662000000000001,11.3448,24,2.1375,1,0,1,0
262,48.8,0.4188024358799136,33.97,0.647,8.398,91.5,27.0,5.91,10.076,15.3904,24,2.2875,1,0,0,1
263,31.0,0.6017224426405978,33.97,0.647,7.327000000000001,94.5,27.0,11.25,5.72,11.248,60,2.08,1,0,0,0
264,36.5,0.43830009120173735,33.97,0.647,7.206,91.6,27.0,8.1,8.53,14.292,36,1.93,1,0,0,1
265,22.8,0.5662338402369981,33.97,0.647,5.56,62.8,27.0,10.45,7.456,13.1824,59,1.9850000000000003,0,0,0,0
266,30.7,0.5798104952209419,33.97,0.647,7.013999999999999,84.6,27.0,14.79,6.114,10.2456,41,2.1325,0,0,0,1
267,50.0,0.4563736618258476,33.97,0.575,8.297,67.0,27.0,7.44,8.0,15.4,42,2.42,1,0,0,0
268,43.5,0.43210703905458553,33.97,0.575,7.47,52.6,27.0,3.16,9.07,15.347999999999999,43,2.87,0,1,0,0
269,20.7,0.08677384878203838,36.96,0.46399999999999997,5.92,61.5,21.4,13.65,10.414000000000001,14.1656,29,3.9175,0,0,1,0
270,21.1,0.261717901773971,36.96,0.46399999999999997,5.856,42.1,21.4,13.0,6.222,15.1688,27,4.43,1,0,0,0
271,25.2,0.15023731832110337,36.96,0.46399999999999997,6.24,16.3,21.4,6.59,6.604,10.2016,25,4.43,0,0,0,1
272,24.4,0.10849559615329896,36.96,0.46399999999999997,6.537999999999999,58.7,21.4,7.73,8.488,13.1952,40,3.9175,1,0,0,1
273,35.2,0.20039065625483235,36.96,0.46399999999999997,7.691,51.8,21.4,6.58,6.004,10.2816,39,4.3675,1,0,0,1
274,32.4,0.05490476516928601,36.41,0.447,6.757999999999999,32.9,22.4,3.53,10.648,12.2592,30,4.08,0,0,0,1
275,32.0,0.09170368421021308,36.41,0.447,6.854,42.8,22.4,2.98,8.84,12.255999999999998,23,4.2675,1,0,0,1
276,33.2,0.0995647526237456,36.41,0.447,7.267,49.0,22.4,6.05,8.564,11.2656,35,4.7875,0,1,0,0
277,33.1,0.05946630416666647,36.41,0.447,6.8260000000000005,27.6,22.4,4.16,6.2620000000000005,11.2648,21,4.8625,0,0,0,1
278,29.1,0.07675731668200712,36.41,0.447,6.482,32.1,22.4,7.19,6.282,10.2328,38,4.1375,1,0,0,1
279,35.1,0.19093435989217727,33.33,0.4429,6.812,32.2,25.1,4.85,9.602,12.2808,26,4.1,0,1,0,0
280,45.4,0.03515476607437538,33.33,0.4429,7.82,64.5,25.1,3.76,7.108,10.3632,50,4.695,0,0,0,0
281,35.4,0.036380144092750526,33.33,0.4429,6.968,37.2,25.1,4.59,8.508,14.2832,48,5.245,1,0,0,0
282,46.0,0.05948514933476605,33.33,0.4429,7.645,49.7,25.1,3.01,8.72,12.368,25,5.21,1,1,0,0
283,50.0,0.014898464661966622,31.21,0.401,7.922999999999999,24.8,26.4,3.16,8.7,13.4,20,5.885,1,1,0,0
284,32.2,0.009019204420159998,32.97,0.4,7.087999999999999,20.8,24.7,7.85,7.843999999999999,12.2576,30,7.307500000000001,1,0,1,0
285,22.0,0.010900374468288333,32.25,0.389,6.452999999999999,31.9,24.7,8.23,10.44,14.175999999999998,55,7.3075,1,0,0,0
286,20.1,0.019459431156219023,31.76,0.385,6.23,31.5,21.8,12.93,8.302,10.1608,39,9.0875,1,0,0,0
287,23.2,0.03797955862417438,35.32,0.405,6.209,31.3,23.4,7.14,9.964,14.1856,60,7.32,1,1,0,0
288,22.3,0.0448777587780855,35.32,0.405,6.315,45.6,23.4,7.6,5.846,12.1784,22,7.3175,0,0,0,1
289,24.8,0.04207241242184147,35.32,0.405,6.565,22.9,23.4,9.51,9.096,14.1984,60,7.3175,0,0,0,0
290,28.5,0.0344207502021303,34.95,0.41100000000000003,6.861000000000001,27.9,20.8,3.33,8.07,11.228,53,5.1175,1,0,0,1
291,37.3,0.07590492808946418,34.95,0.41100000000000003,7.148,27.7,20.8,3.56,8.146,10.2984,37,5.1175,1,0,0,0
292,27.9,0.03551192100135947,34.95,0.41100000000000003,6.63,23.4,20.8,4.7,8.458,12.2232,37,5.1175,0,0,0,1
293,23.9,0.07941173942416178,43.92,0.43700000000000006,6.127000000000001,18.4,24.0,8.58,7.278,14.1912,46,5.505,1,0,0,1
294,21.7,0.07880193823740346,43.92,0.43700000000000006,6.0089999999999995,42.3,24.0,10.4,8.834,11.1736,23,5.5025,0,1,0,0
295,28.6,0.12161568167655983,43.92,0.43700000000000006,6.678,31.1,24.0,6.27,6.972,10.2288,44,5.96,1,0,0,1
296,27.1,0.05232676017776742,43.92,0.43700000000000006,6.5489999999999995,51.0,24.0,7.39,10.442,10.2168,26,5.9624999999999995,0,0,0,0
297,20.3,0.13193136325997015,43.92,0.43700000000000006,5.79,58.0,24.0,15.84,7.606,11.1624,42,6.32,1,0,0,0
298,22.5,0.06265549936434223,32.24,0.4,6.345,20.1,25.2,4.97,9.45,13.18,48,7.8275,0,1,0,0
299,29.0,0.05411879888749596,32.24,0.4,7.041,10.0,25.2,4.74,7.98,11.232000000000001,36,7.829999999999999,1,1,0,0
300,24.8,0.04322231145326903,32.24,0.4,6.871,47.4,25.2,6.07,9.096,11.1984,29,7.827500000000001,1,0,0,1
301,22.0,0.034758850756454795,36.09,0.433,6.59,40.4,23.9,9.5,9.94,12.175999999999998,21,5.494999999999999,1,0,0,1
302,26.4,0.08861509035364626,36.09,0.433,6.495,18.4,23.9,8.67,7.928,11.2112,42,5.49,1,0,1,0
303,33.1,0.09531017980432493,36.09,0.433,6.982,17.7,23.9,4.86,8.262,14.2648,34,5.4925,0,0,0,0
304,36.1,0.053682936916184865,32.18,0.47200000000000003,7.236000000000001,41.1,21.6,6.93,6.922000000000001,10.2888,55,4.0225,0,0,0,1
305,28.4,0.05334169498182321,32.18,0.47200000000000003,6.6160000000000005,58.1,21.6,8.93,6.568,15.2272,22,3.37,0,0,0,0
306,33.4,0.07234856816697781,32.18,0.47200000000000003,7.42,71.9,21.6,6.47,10.668,12.2672,23,3.1,1,0,0,1
307,28.2,0.04814233532601417,32.18,0.47200000000000003,6.849,70.3,21.6,7.53,10.464,12.2256,46,3.1825,1,0,1,0
308,22.8,0.4007741226200408,39.9,0.544,6.635,82.5,21.6,4.54,7.156000000000001,11.1824,31,3.3175,0,0,0,1
309,20.3,0.2996600492111879,39.9,0.544,5.972,76.7,21.6,9.97,10.106,11.1624,51,3.1025,1,0,0,0
310,16.1,1.290741151786282,39.9,0.544,4.973,37.8,21.6,12.64,7.322,11.1288,27,2.5175,0,0,0,1
311,22.1,0.582444643903983,39.9,0.544,6.122000000000001,52.8,21.6,5.98,8.242,15.1768,46,2.6375,1,0,0,1
312,19.4,0.2324520921057716,39.9,0.544,6.023,90.4,21.6,11.72,6.287999999999999,13.1552,26,2.8325,1,0,0,0
313,21.6,0.23852859229108628,39.9,0.544,6.266,82.8,21.6,7.9,8.832,14.1728,33,3.2624999999999997,1,0,0,0
314,23.8,0.3142266276738932,39.9,0.544,6.567,87.3,21.6,9.28,9.576,13.1904,56,3.6050000000000004,1,1,0,0
315,16.2,0.22598750344594104,39.9,0.544,5.705,77.7,21.6,11.5,6.724,12.1296,58,3.945,0,0,0,1
316,17.8,0.2763202709424078,39.9,0.544,5.914,83.2,21.6,18.33,7.256,12.1424,43,3.9975,0,0,0,1
317,19.8,0.21931222113316776,39.9,0.544,5.782,71.7,21.6,15.94,9.796,12.1584,50,4.035,0,0,0,1
318,23.1,0.33791405384588485,39.9,0.544,6.382000000000001,67.2,21.6,10.36,5.562,10.1848,53,3.5325,0,0,0,0
319,21.0,0.38897658310334066,39.9,0.544,6.1129999999999995,58.8,21.6,12.73,10.32,12.168,36,4.0024999999999995,0,0,1,0
320,23.8,0.1549503599978226,37.38,0.493,6.426,52.3,20.4,7.2,6.776,13.1904,48,4.5425,1,0,0,1
321,23.1,0.16686098909834052,37.38,0.493,6.376,54.3,20.4,6.87,7.7620000000000005,14.1848,40,4.54,1,1,0,0
322,20.4,0.3009486805521662,37.38,0.493,6.041,49.9,20.4,7.7,8.908,13.1632,40,4.7225,0,0,0,0
323,18.5,0.24991789803076367,37.38,0.493,5.707999999999999,74.3,20.4,11.74,6.57,15.148,25,4.72,1,0,0,0
324,25.0,0.2934827161414511,37.38,0.493,6.415,40.1,20.4,6.12,8.6,15.2,52,4.72,0,0,0,1
325,24.6,0.17551511208097648,37.38,0.493,6.431,14.7,20.4,5.08,7.992000000000001,15.1968,45,5.4175,0,0,0,0
326,23.0,0.26502993916684725,37.38,0.493,6.312,28.9,20.4,6.15,7.06,12.184000000000001,36,5.4175,1,0,0,1
327,22.2,0.21594167998346542,37.38,0.493,6.082999999999999,43.7,20.4,12.79,9.044,15.1776,27,5.415,0,0,0,0
328,19.3,0.06407278770058897,33.24,0.46,5.867999999999999,25.8,23.1,9.97,9.986,10.1544,35,5.217499999999999,1,1,0,0
329,22.6,0.06507587673618766,33.24,0.46,6.332999999999999,17.2,23.1,7.34,5.5520000000000005,14.1808,53,5.215,0,0,0,0
330,19.8,0.044437849430568215,33.24,0.46,6.144,32.2,23.1,9.09,9.396,11.1584,26,5.875,0,0,0,1
331,17.1,0.049009187801052775,36.06,0.4379,5.706,28.4,23.1,12.43,6.742000000000001,14.1368,21,6.640000000000001,0,1,0,0
332,19.4,0.03407287033313533,36.06,0.4379,6.031000000000001,23.3,23.1,7.83,7.4879999999999995,14.1552,22,6.640000000000001,1,0,0,0
333,22.2,0.049580328098150425,35.19,0.515,6.316,38.1,19.8,5.68,9.144,11.1776,34,6.4575000000000005,0,0,0,0
334,20.7,0.036698303782673684,35.19,0.515,6.31,38.5,19.8,6.75,7.513999999999999,15.1656,53,6.46,1,0,1,0
335,21.1,0.038845642823198155,35.19,0.515,6.037000000000001,34.5,19.8,8.01,8.922,14.1688,57,5.985,1,0,0,0
336,19.5,0.03369586385672555,35.19,0.515,5.869,46.3,19.8,9.8,10.09,15.155999999999999,53,5.23,0,0,0,1
337,18.5,0.029956781289803357,35.19,0.515,5.895,59.6,19.8,10.56,8.27,12.148,21,5.615,1,0,0,1
338,20.6,0.032525271703396925,35.19,0.515,6.059,37.3,19.8,8.51,8.112,14.1648,26,4.8125,1,0,0,1
339,19.0,0.05351233050476119,35.19,0.515,5.985,45.4,19.8,9.74,6.38,11.152000000000001,28,4.8125,0,1,0,0
340,18.7,0.059692422747982116,35.19,0.515,5.968,58.5,19.8,9.29,6.474,13.1496,20,4.8125,1,0,0,0
341,32.7,0.012926096886133642,31.52,0.442,7.2410000000000005,49.3,24.5,5.49,6.254,13.2616,48,7.0375000000000005,1,0,0,0
342,16.5,0.024673100204884196,31.89,0.518,6.54,59.7,24.1,8.65,7.33,11.132,40,6.267499999999999,1,0,0,1
343,23.9,0.025112036814854896,33.78,0.484,6.696000000000001,56.4,22.4,7.18,8.978,15.1912,52,5.732500000000001,1,0,1,0
344,31.2,0.030034417274120925,33.78,0.484,6.874,28.1,22.4,4.61,10.624,11.2496,23,6.465000000000001,0,0,0,1
345,17.5,0.030655288259616963,34.39,0.442,6.013999999999999,48.5,21.2,10.53,7.15,13.14,26,8.0125,1,1,0,0
346,17.2,0.05979604334596573,34.39,0.442,5.898,52.3,21.2,12.67,6.044,13.1376,46,8.015,0,0,0,1
347,23.1,0.01852730461388356,34.15,0.429,6.516,27.7,22.1,6.36,8.162,12.1848,47,8.537499999999998,1,1,0,0
348,24.5,0.014898464661966622,32.01,0.435,6.635,29.7,23.0,5.99,6.29,13.196,45,8.3425,1,0,0,0
349,26.6,0.028577738631707397,31.25,0.429,6.939,34.5,20.3,5.89,5.632000000000001,11.2128,30,8.795,1,0,0,0
350,22.9,0.06025749561032615,31.25,0.429,6.49,44.4,20.3,5.98,7.257999999999999,15.1832,55,8.7925,0,0,0,1
351,24.1,0.0764979709727249,31.69,0.41100000000000003,6.579,35.9,21.7,5.49,5.582000000000001,10.1928,45,10.712499999999999,1,0,0,1
352,18.6,0.06993642619916392,31.69,0.41100000000000003,5.8839999999999995,18.5,21.7,7.79,7.372000000000001,11.1488,50,10.7125,1,0,0,1
353,30.1,0.016945608726141773,32.02,0.41,6.728,36.1,23.0,4.5,6.102,12.2408,40,12.1275,1,1,0,0
354,18.2,0.04211076370038195,31.91,0.413,5.662999999999999,21.9,18.0,8.05,8.764,12.1456,34,10.585,0,0,0,0
355,20.6,0.101283214752084,31.91,0.413,5.936,19.5,18.0,5.57,9.312000000000001,13.1648,53,10.584999999999999,0,0,0,1
356,17.8,2.3008796395346813,48.1,0.77,6.212000000000001,97.4,19.8,17.6,5.956,14.1424,39,2.1225,0,0,0,0
357,21.7,1.578916847366148,48.1,0.77,6.395,91.0,19.8,13.27,7.034,13.1736,56,2.505,0,1,0,0
358,22.7,1.8248347351792473,48.1,0.77,6.127000000000001,83.4,19.8,11.48,6.354,15.1816,42,2.7225,0,0,1,0
359,22.6,1.6603800451716153,48.1,0.77,6.112,81.3,19.8,12.67,7.899767068273092,14.1808,26,2.5075000000000003,0,1,0,0
360,25.0,1.7123410111146562,48.1,0.77,6.398,88.0,19.8,7.79,8.8,10.2,37,2.5175,0,0,0,0
361,19.9,1.5762616149393935,48.1,0.77,6.251,91.1,19.8,14.19,8.898,13.1592,56,2.295,1,0,0,1
362,20.8,1.5429176957008952,48.1,0.77,5.362,96.2,19.8,10.19,8.016,14.1664,52,2.105,0,1,0,0
363,16.8,1.6529551515173315,48.1,0.77,5.803,89.0,19.8,14.64,9.736,15.1344,57,1.9049999999999998,1,0,1,0
364,21.9,1.4983454449272653,48.1,0.718,8.78,82.9,19.8,5.29,8.038,12.1752,26,1.9049999999999998,0,0,0,1
365,27.5,1.7148550264902072,48.1,0.718,3.5610000000000004,87.9,19.8,7.12,8.05,12.22,51,1.6124999999999998,1,0,0,1
366,21.9,1.5469133618955864,48.1,0.718,4.963,91.4,19.8,14.0,10.238,14.1752,58,1.75,0,1,0,0
367,23.1,2.675678513070904,48.1,0.631,3.863,100.0,19.8,13.33,9.962,11.1848,24,1.5075,0,1,0,0
368,50.0,1.774650610477353,48.1,0.631,4.97,100.0,19.8,3.26,9.7,13.4,41,1.3325,0,0,0,1
369,50.0,1.8976168614222872,48.1,0.631,6.683,96.8,19.8,3.73,6.7,15.4,58,1.355,1,0,0,1
370,50.0,2.020057712262034,48.1,0.631,7.016,97.5,19.8,2.96,10.1,12.4,46,1.2,1,0,0,0
371,50.0,2.3255493836278043,48.1,0.631,6.216,100.0,19.8,9.53,9.8,13.4,25,1.1700000000000002,1,0,0,0
372,50.0,2.226486679687524,48.1,0.6679999999999999,5.875,89.6,19.8,8.88,10.8,12.4,57,1.1275,1,0,0,0
373,13.8,2.493874650127679,48.1,0.6679999999999999,4.906000000000001,100.0,19.8,34.77,6.876,13.1104,56,1.175,1,0,0,0
374,13.8,2.970322153616776,48.1,0.6679999999999999,4.138,100.0,19.8,37.97,7.0760000000000005,13.1104,35,1.1375,0,1,0,0
375,15.0,3.0257327258266167,48.1,0.6709999999999999,7.313,97.9,19.8,13.44,8.9,15.12,45,1.3175,0,0,0,0
376,13.9,2.7904286403681122,48.1,0.6709999999999999,6.649,93.3,19.8,23.24,9.478,15.1112,26,1.345,1,0,0,0
377,13.3,2.381718772241792,48.1,0.6709999999999999,6.794,98.8,19.8,21.24,6.066,14.1064,22,1.3575,1,0,0,0
378,13.1,3.204703875510067,48.1,0.6709999999999999,6.38,96.2,19.8,23.69,9.262,14.1048,54,1.3850000000000002,1,1,0,0
379,10.2,2.937398463323919,48.1,0.6709999999999999,6.223,100.0,19.8,21.78,7.904,11.0816,46,1.3875,0,0,1,0
380,10.4,4.4995451909142234,48.1,0.6709999999999999,6.968,91.9,19.8,17.21,9.408,14.0832,21,1.4175,1,0,0,0
381,10.9,2.825797680570924,48.1,0.6709999999999999,6.545,99.1,19.8,21.08,8.618,10.0872,60,1.5175,0,0,1,0
382,11.3,2.321114360892544,48.1,0.7,5.5360000000000005,100.0,19.8,23.6,8.226,11.0904,46,1.5775,1,0,0,1
383,12.3,2.19638867250955,48.1,0.7,5.52,100.0,19.8,24.56,6.746,15.0984,41,1.535,0,1,0,0
384,8.8,3.04855714447919,48.1,0.7,4.368,91.2,19.8,30.63,5.676,14.0704,25,1.44,0,0,0,1
385,7.2,2.879861159011059,48.1,0.7,5.277,98.1,19.8,30.81,10.144,13.0576,36,1.4275000000000002,0,0,1,0
386,10.5,3.2345050497403935,48.1,0.7,4.652,100.0,19.8,28.28,7.71,15.084000000000001,34,1.4675,1,0,0,1
387,7.4,3.1611238231251,48.1,0.7,5.0,89.5,19.8,31.99,8.347999999999999,15.0592,54,1.52,0,0,1,0
388,10.2,2.730053020578551,48.1,0.7,4.88,100.0,19.8,30.62,6.104,10.0816,25,1.59,0,1,0,0
389,11.5,2.213944025142987,48.1,0.7,5.39,98.9,19.8,20.85,6.03,12.092,51,1.73,0,0,1,0
390,15.1,2.0746990638882306,48.1,0.7,5.712999999999999,97.0,19.8,17.11,9.702,11.1208,20,1.9250000000000003,1,0,0,1
391,23.2,1.8394458498493202,48.1,0.7,6.051,82.5,19.8,18.76,9.664,10.1856,53,2.17,1,0,0,1
392,9.7,2.531941305700138,48.1,0.7,5.0360000000000005,97.0,19.8,25.68,5.494,14.0776,51,1.77,0,0,0,0
393,13.8,2.266414762688843,48.1,0.693,6.193,92.6,19.8,15.17,9.076,14.1104,55,1.7925,0,0,0,1
394,12.7,2.6644326359464867,48.1,0.693,5.8870000000000005,94.7,19.8,16.35,6.754,15.1016,40,1.7825,0,0,0,0
395,13.1,2.273851200420946,48.1,0.693,6.471,98.8,19.8,17.12,5.7620000000000005,15.1048,29,1.7249999999999999,0,0,1,0
396,12.5,1.9274624605576969,48.1,0.693,6.405,96.0,19.8,19.37,5.45,11.1,24,1.675,1,0,0,1
397,8.5,2.160101750967694,48.1,0.693,5.747000000000001,98.9,19.8,19.92,9.27,14.068,22,1.6349999999999998,0,0,0,0
398,5.0,3.672541717146316,48.1,0.693,5.452999999999999,100.0,19.8,30.59,9.3,13.04,26,1.49,0,1,0,0
399,6.3,2.390279986333144,48.1,0.693,5.852,77.8,19.8,29.97,6.726,14.0504,42,1.5,0,0,0,1
400,5.6,3.2598680448992714,48.1,0.693,5.987,100.0,19.8,26.77,9.212,11.0448,30,1.5899999999999999,1,1,0,0
401,7.2,2.7236741753351374,48.1,0.693,6.343,100.0,19.8,20.32,7.343999999999999,10.0576,50,1.575,1,0,0,0
402,12.1,2.360449202216868,48.1,0.693,6.404,100.0,19.8,20.31,5.442,14.0968,42,1.6375,0,0,0,1
403,8.3,3.250440381229692,48.1,0.693,5.349,96.0,19.8,19.77,7.899767068273092,15.0664,40,1.7025,1,0,0,1
404,8.5,3.7501908988370403,48.1,0.693,5.531000000000001,85.4,19.8,27.38,8.47,11.068,56,1.6075,0,0,0,0
405,5.0,4.232958019253417,48.1,0.693,5.683,100.0,19.8,22.98,7.3,14.04,38,1.425,1,0,0,1
406,11.9,3.0780585258000213,48.1,0.659,4.138,100.0,19.8,23.34,8.538,14.0952,53,1.1775,1,0,0,1
407,27.9,2.5611807266231144,48.1,0.659,5.608,100.0,19.8,12.13,6.6579999999999995,13.2232,26,1.2874999999999999,1,0,0,1
408,17.2,2.1286946938918567,48.1,0.597,5.617000000000001,97.9,19.8,26.4,6.444,12.1376,25,1.455,0,0,0,1
409,27.5,2.736851434907838,48.1,0.597,6.852,100.0,19.8,19.78,7.65,14.22,57,1.4649999999999999,1,1,0,0
410,15.0,3.9538518529018067,48.1,0.597,5.757000000000001,100.0,19.8,10.11,9.6,11.12,52,1.4125,0,0,0,1
411,17.2,2.7114245017411593,48.1,0.597,6.657,100.0,19.8,21.22,9.644,14.1376,44,1.5274999999999999,0,0,0,0
412,17.9,2.9862373389921895,48.1,0.597,4.628,100.0,19.8,34.37,8.357999999999999,15.1432,40,1.555,0,0,0,0
413,16.3,3.3896577218278483,48.1,0.597,5.155,100.0,19.8,20.08,6.626,14.1304,58,1.5875000000000001,0,0,0,1
414,7.0,3.844730829794956,48.1,0.693,4.519,100.0,19.8,36.98,6.04,12.056,40,1.6575000000000002,1,0,0,1
415,7.2,2.9488817271093315,48.1,0.679,6.434,100.0,19.8,29.05,8.644,11.0576,59,1.835,0,0,0,0
416,7.5,2.4709936445680034,48.1,0.679,6.782,90.8,19.8,25.79,7.899767068273092,10.06,35,1.82,1,0,0,1
417,10.4,3.293634442449129,48.1,0.679,5.303999999999999,89.1,19.8,26.64,8.607999999999999,15.0832,60,1.65,1,0,1,0
418,8.8,4.3112567387853336,48.1,0.679,5.957000000000001,100.0,19.8,20.62,8.476,12.0704,52,1.8,0,0,0,0
419,8.4,2.5504056470206957,48.1,0.718,6.824,76.5,19.8,22.74,5.968,13.0672,26,1.7925,0,0,0,0
420,16.7,2.492163587735884,48.1,0.718,6.4110000000000005,100.0,19.8,15.02,6.034,13.1336,48,1.8575,1,0,1,0
421,14.2,2.0822613123870632,48.1,0.718,6.006,95.3,19.8,15.7,8.283999999999999,10.1136,29,1.875,0,0,0,0
422,20.8,2.5686501932208596,48.1,0.614,5.648,87.6,19.8,14.1,8.916,11.1664,36,1.9525000000000001,0,0,0,0
423,13.4,2.085724263982504,48.1,0.614,6.103,85.1,19.8,23.29,8.267999999999999,46.19856,29,2.0225,0,1,0,0
424,11.7,2.28157798059684,48.1,0.584,5.565,70.6,19.8,17.16,7.834,11.0936,57,2.065,0,0,0,0
425,8.3,2.8249617460097114,48.1,0.679,5.896,95.4,19.8,24.39,5.566,15.0664,51,1.9100000000000001,1,1,0,0
426,10.2,2.5837862093461372,48.1,0.584,5.837000000000001,59.7,19.8,15.69,9.104,14.0816,33,1.9975,0,0,0,0
427,10.9,3.6548546189770925,48.1,0.679,6.202000000000001,78.7,19.8,14.52,7.518,11.0872,42,1.8624999999999998,0,1,0,0
428,11.0,2.1243085441136205,48.1,0.679,6.193,78.1,19.8,21.52,8.52,12.088,45,1.9375000000000002,1,0,0,1
429,9.5,2.335912513221137,48.1,0.679,6.38,95.6,19.8,24.08,8.79,12.075999999999999,52,1.9674999999999998,1,0,0,0
430,14.5,2.2504630342235155,48.1,0.584,6.348,86.1,19.8,17.64,9.09,11.116,53,2.055,0,0,0,1
431,14.1,2.4035429310745737,48.1,0.584,6.832999999999999,94.3,19.8,19.69,6.682,14.1128,29,2.0875,1,1,0,0
432,16.1,2.0074150555763612,48.1,0.584,6.425,74.8,19.8,12.03,8.722000000000001,10.1288,42,2.2,1,0,0,0
433,14.3,1.8841973460987684,48.1,0.713,6.436,87.9,19.8,16.22,6.186,10.1144,46,2.3175,0,0,1,0
434,11.7,2.7022601376565687,48.1,0.713,6.207999999999999,95.0,19.8,15.17,7.834,11.0936,37,2.2225,0,0,0,0
435,13.4,2.498184770733843,48.1,0.74,6.629,94.6,19.8,23.27,10.168,12.1072,46,2.125,0,0,1,0
436,9.6,2.7357172474638767,48.1,0.74,6.461,93.3,19.8,18.05,6.0920000000000005,10.0768,57,2.0,1,0,0,1
437,8.2,2.7836028435028815,48.1,0.74,6.152,100.0,19.8,26.45,9.863999999999999,11.0656,60,1.9125,0,0,0,0
438,8.4,2.6863565870169546,48.1,0.74,5.935,87.9,19.8,34.02,9.568,14.0672,57,1.82,1,0,0,0
439,12.8,2.340904438499074,48.1,0.74,5.627000000000001,93.9,19.8,22.88,8.456,15.1024,50,1.8175,1,0,0,0
440,10.5,3.137713490646716,48.1,0.74,5.818,92.4,19.8,22.11,7.41,12.084000000000001,38,1.8649999999999998,0,0,0,0
441,17.1,2.372501005014648,48.1,0.74,6.406000000000001,97.2,19.8,19.52,9.242,15.1368,58,2.0675,1,0,1,0
442,14.8,1.8970754838957269,48.1,0.74,6.218999999999999,100.0,19.8,16.59,7.096,14.1184,54,2.005,0,0,0,1
443,15.4,2.394848818884537,48.1,0.74,6.485,100.0,19.8,18.85,6.608,14.1232,21,1.9775,0,0,0,1
444,10.8,2.6248352449424797,48.1,0.74,5.854,96.6,19.8,23.79,5.516,12.0864,34,1.8974999999999997,0,0,1,0
445,11.8,2.457175676049689,48.1,0.74,6.459,94.8,19.8,23.98,5.336,12.0944,28,1.9875,1,0,0,1
446,14.9,1.9862387647413884,48.1,0.74,6.341,96.4,19.8,17.79,10.198,15.1192,41,2.0700000000000003,0,0,0,0
447,12.6,2.39104001091028,48.1,0.74,6.251,96.6,19.8,16.44,9.752,11.1008,37,2.1975,1,0,0,0
448,14.1,2.3349641863179325,48.1,0.713,6.185,98.7,19.8,18.13,9.082,13.1128,52,2.2600000000000002,1,0,0,0
449,13.0,2.143121491225277,48.1,0.713,6.417000000000001,98.3,19.8,19.31,8.06,12.104000000000001,27,2.1849999999999996,1,0,0,0
450,13.4,2.0435189836286223,48.1,0.713,6.749,92.6,19.8,17.44,9.068,13.1072,59,2.32,1,1,0,0
451,15.2,1.862705543083853,48.1,0.713,6.655,98.2,19.8,17.73,8.104,11.1216,41,2.355,1,0,0,0
452,16.1,1.8066759959463214,48.1,0.713,6.297000000000001,91.8,19.8,17.27,6.722,15.1288,21,2.3675,0,0,0,0
453,17.8,2.224417043716578,48.1,0.713,7.393,99.3,19.8,16.74,5.956,11.1424,42,2.4525,1,0,0,1
454,14.4,2.3526725106043593,48.1,0.713,6.728,94.1,19.8,18.71,5.888,14.1152,34,2.4975,0,0,0,1
455,14.1,1.749611943801969,48.1,0.713,6.525,86.5,19.8,18.13,7.782,14.1128,36,2.435,0,0,0,1
456,12.7,1.734982747240385,48.1,0.713,5.976,87.9,19.8,19.01,7.154,15.1016,31,2.5799999999999996,0,0,0,1
457,13.5,2.219266525546099,48.1,0.713,5.936,80.3,19.8,16.94,8.87,13.107999999999999,46,2.7800000000000002,0,0,0,0
458,14.9,2.1693085250418154,48.1,0.713,6.301,83.7,19.8,16.23,5.598,15.1192,39,2.785,0,0,0,1
459,20.0,2.0542737224466707,48.1,0.713,6.081,84.4,19.8,14.7,5.4,14.16,27,2.7175,1,1,0,0
460,16.4,1.7599471129733726,48.1,0.713,6.7010000000000005,90.0,19.8,16.42,9.427999999999999,12.1312,29,2.5974999999999997,1,0,0,1
461,17.7,1.546095475702301,48.1,0.713,6.376,88.4,19.8,14.65,9.854,13.1416,24,2.565,1,0,0,0
462,19.5,2.035348578369212,48.1,0.713,6.317,83.0,19.8,13.99,5.89,15.155999999999999,22,2.735,0,0,0,1
463,20.2,1.9200280793412094,48.1,0.713,6.513,89.9,19.8,10.29,8.804,15.1616,30,2.8025,1,0,0,0
464,21.4,2.1792099506138976,48.1,0.655,6.209,65.4,19.8,13.22,7.827999999999999,11.1712,55,2.9650000000000003,0,0,1,0
465,19.9,1.4263800846591763,48.1,0.655,5.7589999999999995,48.2,19.8,14.13,9.998,12.1592,43,3.065,0,0,0,0
466,19.0,1.5633897854422465,48.1,0.655,5.952000000000001,84.7,19.8,17.15,8.38,10.152000000000001,21,2.8725,1,0,0,0
467,19.1,1.6905163912038152,48.1,0.584,6.002999999999999,94.5,19.8,21.32,9.482000000000001,13.1528,21,2.54,0,0,1,0
468,19.1,2.807937767457695,48.1,0.58,5.926,71.0,19.8,18.13,5.882000000000001,15.1528,28,2.91,0,0,0,0
469,20.1,2.6444072787962525,48.1,0.58,5.712999999999999,56.7,19.8,14.76,6.3020000000000005,13.1608,27,2.825,0,0,0,0
470,19.9,1.6768703671037264,48.1,0.58,6.167000000000001,84.0,19.8,16.29,5.598,12.1592,36,3.035,0,0,0,1
471,19.6,1.6170905561197193,48.1,0.532,6.229,90.7,19.8,12.87,8.692,13.1568,52,3.0975,1,0,1,0
472,23.2,1.5192243229211484,48.1,0.58,6.437,75.0,19.8,14.36,8.464,15.1856,39,2.895,1,0,1,0
473,29.8,1.7311049511313974,48.1,0.614,6.98,67.6,19.8,11.66,7.396,15.2384,56,2.5325,1,0,1,0
474,13.8,2.203404332146021,48.1,0.584,5.4270000000000005,95.4,19.8,18.14,9.076,11.1104,47,2.4275,0,0,1,0
475,13.3,2.000549838013637,48.1,0.584,6.162000000000001,97.4,19.8,24.1,9.066,11.1064,27,2.205,1,1,0,0
476,16.7,1.7700948094248417,48.1,0.614,6.484,93.6,19.8,18.68,6.1339999999999995,14.1336,22,2.3024999999999998,1,0,0,1
477,12.0,2.774050153828231,48.1,0.614,5.303999999999999,97.3,19.8,24.91,9.34,15.095999999999998,39,2.1025,0,1,0,0
478,14.6,2.418855874659432,48.1,0.614,6.185,96.7,19.8,18.03,5.292000000000001,15.1168,60,2.17,1,1,0,0
479,21.4,2.730053020578551,48.1,0.614,6.229,88.0,19.8,13.11,6.127999999999999,10.1712,32,1.95,0,0,0,1
480,23.0,1.9204472756044824,48.1,0.532,6.242000000000001,64.7,19.8,10.74,8.56,13.184000000000001,22,3.4225,0,0,0,1
481,23.7,1.903327677232432,48.1,0.532,6.75,74.9,19.8,7.74,6.974,15.1896,46,3.3299999999999996,0,0,0,0
482,25.0,1.9067474913596385,48.1,0.532,7.061,77.0,19.8,7.01,5.5,11.2,29,3.41,0,1,0,0
483,21.8,1.3398262488998969,48.1,0.532,5.7620000000000005,40.3,19.8,10.42,9.636000000000001,14.1744,57,4.1000000000000005,0,0,1,0
484,20.6,1.2174525430495582,48.1,0.583,5.871,41.9,19.8,13.34,8.112,12.1648,31,3.7225,1,1,0,0
485,21.2,1.5419446302865207,48.1,0.583,6.312,51.9,19.8,10.58,9.024,13.1696,51,3.99,0,0,1,0
486,19.1,1.9008754243872985,48.1,0.583,6.114,79.8,19.8,14.98,8.582,12.1528,57,3.5449999999999995,1,0,0,0
487,20.6,1.7639890834826137,48.1,0.583,5.905,53.2,19.8,11.45,8.412,11.1648,44,3.1500000000000004,0,0,0,0
488,15.2,0.14050948897951462,57.74,0.609,5.454,92.7,19.9,18.06,6.004,14.1216,28,1.8199999999999998,0,0,0,0
489,7.0,0.16836630025465416,57.74,0.609,5.414,98.3,19.9,23.97,9.84,15.056,29,1.7575000000000003,0,0,0,0
490,8.1,0.18851897970190704,57.74,0.609,5.093,98.0,19.9,29.68,9.162,10.0648,49,1.8225000000000002,1,0,1,0
491,13.6,0.10051479408986363,57.74,0.609,5.983,98.8,19.9,18.07,7.072,14.1088,47,1.8675,0,0,0,0
492,20.1,0.10554849798804096,57.74,0.609,5.983,83.5,19.9,13.35,8.902000000000001,13.1608,57,2.1075,1,0,0,1
493,21.8,0.15982881438052338,39.69,0.585,5.707000000000001,54.0,20.8,12.01,5.936,14.1744,31,2.3825000000000003,1,0,0,1
494,24.5,0.24652408399188344,39.69,0.585,5.926,42.6,20.8,13.59,8.79,11.196,47,2.38,1,0,0,1
495,23.1,0.16465813975505653,39.69,0.585,5.67,28.8,20.8,17.6,8.462,14.1848,55,2.8000000000000003,0,0,1,0
496,19.7,0.25433209277022684,39.69,0.585,5.39,72.9,20.8,21.14,7.899767068273092,12.1576,44,2.7975,0,0,0,1
497,18.3,0.23774049566117808,39.69,0.585,5.794,70.6,20.8,14.1,5.3660000000000005,14.1464,55,2.8925,1,1,0,0
498,21.2,0.21440145025736632,39.69,0.585,6.019,65.3,20.8,12.92,5.824,14.1696,32,2.4074999999999998,1,0,0,1
499,17.5,0.16367376242147152,39.69,0.585,5.569,73.5,20.8,15.1,9.85,14.14,47,2.4,0,1,0,0
500,16.8,0.20243459342451153,39.69,0.585,6.027,79.7,20.8,14.33,6.236000000000001,14.1344,54,2.4975,0,1,0,0
501,22.4,0.060746967273100666,41.93,0.573,6.593,69.1,19.0,9.67,9.347999999999999,12.1792,27,2.4775,0,0,1,0
502,20.6,0.04427522524990742,41.93,0.573,6.12,76.7,19.0,9.08,6.612,13.1648,20,2.2875,1,0,1,0
503,23.9,0.058985632347870846,41.93,0.573,6.976,91.0,19.0,5.64,5.478,12.1912,31,2.1675,0,0,0,0
504,22.0,0.10399057772120515,41.93,0.573,6.794,89.3,19.0,6.48,7.94,15.175999999999998,47,2.39,1,0,0,0
505,19.0,0.04632045026850422,41.93,0.573,6.03,80.8,19.0,7.88,10.28,10.152000000000001,45,2.5050000000000003,1,0,0,0
